locid,Longitude,Latitude
1,140.6425,43.26306
2,140.76025,43.12115
3,140.7928,43.18733
4,140.82803,43.07365
5,141.64388,43.05737
6,141.89056,43.42291
7,141.97917,43.47768
8,141.80822,42.97851
9,141.70068,43.00244
10,141.80901,43.04441
11,141.68011,43.33842
12,141.81805,43.42692
13,141.86172,43.5455
14,141.96279,43.694
15,141.9607,43.7685
16,141.89006,43.65711
17,141.87349,43.74058
18,141.94003,43.80836
19,142.16382,44.05265
20,142.34781,43.8473
21,142.45942,43.69309
22,142.52331,43.83032
23,142.48493,43.87942
24,142.59841,43.90162
25,141.70111,44.35861
26,141.78315,44.52335
27,141.81006,44.71854
28,141.77984,44.88754
29,141.85333,45.01555
30,142.15047,45.31023
31,142.365,45.11309
32,142.29112,44.95201
33,142.55185,44.85065
34,141.76401,45.11281
35,141.04099,45.38555
36,141.16217,45.16553
37,141.24995,45.20407
38,144.11786,43.82026
39,144.02779,43.69412
40,144.67444,43.90917
41,144.57948,43.81439
42,144.47778,43.8627
43,143.74481,43.72702
44,143.59254,43.6776
45,143.78651,44.02479
46,143.48322,44.02604
47,143.5795,44.1624
48,143.64647,44.18849
49,143.08214,44.187
50,143.14484,44.45482
51,142.93482,44.3296
52,142.95943,44.58144
53,144.21072,43.87656
54,140.68269,42.59263
55,140.90561,42.56567
56,141.31688,42.53035
57,142.94718,42.1268
58,143.19492,42.01024
59,142.4775,42.34633
60,143.20597,42.98204
61,143.24859,43.1587
62,143.29709,43.24064
63,143.00956,43.12033
64,142.85197,43.09485
65,142.90458,42.99754
66,143.05348,42.90257
67,143.1311,42.6849
68,143.20409,42.64173
69,143.28914,42.49181
70,143.31285,42.30274
71,143.3073,42.83941
72,143.45094,42.93993
73,143.51868,42.78866
74,143.58697,43.13409
75,143.5661,43.26182
76,143.73643,43.46999
77,143.66186,42.84544
78,144.44135,43.00724
79,144.85139,43.04944
80,145.08881,43.11062
81,144.59559,43.30922
82,144.44929,43.51866
83,144.31458,43.21841
84,144.09383,42.97195
85,145.02146,43.41066
86,144.95937,43.54558
87,145.09664,43.6667
88,145.18401,44.00841
89,141.33372,42.98554
90,140.75713,41.79702
91,142.38224,43.77339
92,143.18249,42.90652
93,143.86596,43.81528
94,142.01147,43.00449
95,141.74442,43.19681
96,144.26314,44.00283
97,141.65806,43.932
98,141.59449,42.63694
99,141.67667,45.41361
100,141.8625,43.32431
101,142.19365,43.50948
102,142.06123,43.55179
103,143.34826,44.34051
104,142.40346,43.31702
105,141.09653,42.40633
106,141.58129,42.89066
107,140.88793,42.49965
108,141.53172,42.97681
109,141.32136,43.17779
110,140.667,41.83581
111,141.52033,43.22378
112,141.63358,43.22056
113,142.8069,43.82132
114,142.52753,43.6992
115,142.48268,43.58249
116,142.47585,43.45473
117,142.43445,43.39833
118,142.54621,43.15782
119,142.50436,43.01252
120,142.4063,44.0208
121,140.07942,41.45965
122,140.253,41.47611
123,140.4116,41.5951
124,140.4433,41.67995
125,140.70135,41.89587
126,140.81599,42.03652
127,140.60958,42.08744
128,140.25754,42.24891
129,140.3755,42.51291
130,140.14065,41.87447
131,140.11954,41.77083
132,140.27267,41.91389
133,140.13919,41.97968
134,139.49513,42.14154
135,140.02381,42.42069
136,139.8919,42.40682
137,140.06472,42.69833
138,140.2325,42.78806
139,140.32,42.67782
140,140.51882,42.80446
141,140.6824,42.8069
142,140.80561,42.75607
143,140.88325,42.73381
144,140.96129,42.78586
145,140.88791,42.85579
146,140.75889,42.8961
147,140.58452,42.98965
148,141.88299,42.69743
149,140.80376,42.60245
150,141.81279,42.7927
151,141.99866,42.61089
152,142.16033,42.53074
153,142.19941,42.63236
154,142.34046,42.40282
155,142.77329,42.17921
156,142.41638,44.17778
157,142.45286,44.33858
158,141.88914,43.24477
159,145.59396,43.31979
160,141.65025,42.82506
161,141.91985,43.56901
162,141.91497,43.49124
163,142.02613,43.5071
164,142.05832,43.72133
165,146.75616,43.792845
166,145.560366,43.896885
167,146.00007,44.28976
171,140.91848,41.5228
172,141.36153,41.27703
173,140.99917,41.48472
174,140.86121,41.41266
175,141.24544,40.37492
176,141.32853,40.52142
177,141.13242,40.3276
178,141.34124,40.43097
179,141.61383,40.45004
180,141.16458,40.45492
181,140.61061,40.64314
182,140.45658,40.8324
183,141.20106,40.62076
184,141.37758,40.68846
185,141.17222,41.29093
186,140.37244,40.84541
187,140.5608,40.59306
188,140.95778,40.92287
189,140.49493,41.17776
190,140.65423,40.97379
191,140.59666,41.08898
192,140.22409,40.75984
193,139.98743,40.66006
194,140.28154,40.55859
195,140.51998,40.66931
196,140.57674,40.51304
197,140.54515,40.63755
198,140.47551,40.70471
199,140.43177,40.75173
200,140.41141,40.96325
201,141.12797,40.8608
202,141.15982,40.71636
203,141.31953,40.6198
204,141.26352,41.08172
205,141.25499,40.7297
206,141.35256,40.96381
207,141.40342,40.61692
208,140.73667,40.81185
209,141.93832,39.64515
210,141.71892,39.07066
211,141.11388,39.41274
212,141.10041,39.29685
213,141.74501,40.18431
214,141.53154,39.34259
215,141.18056,38.92557
216,141.63944,39.00915
217,141.85911,39.27012
218,141.23613,40.2545
219,141.04708,39.95693
220,140.96498,39.69483
221,141.44193,40.02806
222,141.22165,39.96199
223,141.10781,39.76531
224,141.16475,39.54771
225,141.14165,39.61487
226,140.77993,39.38569
227,141.08215,39.20041
228,141.1232,38.98376
229,141.3411,38.85213
230,141.57722,39.1615
231,141.9061,39.36373
232,141.95521,39.46526
233,141.765,39.85154
234,141.90352,39.92488
235,141.88839,40.01081
236,141.62151,39.58629
237,141.46893,40.31325
238,141.81492,40.1007
239,141.42711,40.20205
240,141.68325,40.34099
241,141.29025,40.17392
242,140.60305,39.63629
243,140.75285,40.33254
244,140.29413,40.04931
245,140.26427,40.27933
246,140.03949,40.08704
247,140.06651,40.29028
248,140.13549,39.94088
249,140.08291,39.94666
250,140.09483,39.90685
251,139.96419,40.01595
252,140.55599,39.41717
253,140.39402,39.19647
254,140.68131,39.16593
255,140.0599,40.20112
256,140.49492,39.29464
257,140.55635,40.27439
258,139.91125,39.96506
259,140.49377,39.15093
260,140.79367,40.21031
261,140.09555,39.34169
262,140.03206,39.86964
263,140.49264,39.49114
264,140.36935,40.18325
265,139.94512,39.23
266,140.12611,38.42392
267,140.1508,38.3066
268,140.1861,38.37109
269,140.37092,38.59382
270,140.34907,38.8825
271,140.5119,38.75348
272,140.32195,38.68794
273,140.25653,38.88582
274,140.22282,38.67214
275,140.22776,38.80848
276,140.16915,38.73357
277,140.1852,37.99113
278,140.05912,38.00164
279,139.75899,38.0581
280,140.09121,38.18219
281,140.11924,37.90837
282,139.84393,38.73038
283,140.30493,38.76316
284,140.26881,38.37782
285,140.28786,38.1464
286,140.37154,38.49151
287,140.03812,38.10209
288,140.39212,38.42365
289,140.42356,38.60593
290,140.15176,38.05927
291,140.25794,38.28798
292,140.27904,38.33043
293,140.31384,38.41937
294,139.98845,38.03263
295,139.85355,38.79958
296,139.92613,38.81664
297,139.90308,39.02467
298,140.45884,37.75523
299,139.91866,37.49691
300,140.36595,37.39334
301,140.86913,37.00856
302,140.24981,37.12342
303,140.34012,37.29605
304,139.86905,37.6472
305,140.92848,37.79504
306,140.4679,37.58305
307,140.62126,37.42032
308,140.9709,37.63858
309,140.52141,37.84577
310,140.55593,37.87713
311,140.608,37.65917
312,140.53946,37.65825
313,140.3743,37.53832
314,140.35498,37.24517
315,140.213,37.25081
316,139.87949,37.25561
317,139.36501,37.00212
318,139.37299,37.32392
319,139.68781,37.1771
320,140.02599,37.66798
321,139.64996,37.6091
322,139.99509,37.55856
323,140.1241,37.55717
324,139.82225,37.56005
325,139.88919,37.56252
326,140.33975,37.1938
327,140.38658,37.02676
328,140.42563,36.86802
329,140.43328,36.94418
330,140.50384,37.02706
331,140.45299,37.14555
332,140.42874,37.20925
333,140.56663,37.21194
334,140.4217,37.07936
335,140.56771,37.08779
336,140.4918,37.43903
337,140.62565,37.28016
338,140.99648,37.21638
339,140.99965,37.27516
340,141.00572,37.34529
341,140.80537,37.33765
342,141.00312,37.40491
343,141.0077,37.44671
344,140.96799,37.49538
345,140.76525,37.50362
346,140.91457,37.86528
347,140.73845,37.67508
348,139.7195,37.50042
349,139.65363,37.47082
350,139.50388,37.43022
351,139.62304,37.32799
352,139.84505,37.46895
353,140.15827,37.13322
354,140.30603,37.15277
355,140.36326,37.14215
356,140.45883,37.50332
358,138.71252,37.52987
359,138.86291,37.26557
360,138.81889,36.9123
361,138.65212,37.00242
362,138.62595,37.42013
363,139.56075,38.09228
364,139.45041,38.11702
365,139.46568,38.17215
366,139.55139,38.28173
367,139.55225,38.48078
368,139.25029,38.45853
369,138.579,37.36384
370,139.33953,37.94119
371,138.80167,37.30877
372,139.05358,37.65841
373,138.74397,37.12541
374,138.91863,37.52983
375,139.47349,38.21895
376,137.88361,37.02019
377,138.23335,36.99925
378,139.18017,37.73332
379,139.26069,37.8133
380,138.38915,38.06745
381,138.9679,37.23376
382,138.8668,37.06142
383,139.39279,38.07113
384,139.27059,37.97589
385,138.848,37.68752
386,139.0662,37.68906
387,139.44672,37.67592
388,137.42043,36.8181
389,136.97258,36.84976
390,137.46056,36.87105
391,136.9697,36.63376
392,136.8783,36.65628
393,136.90428,36.55894
394,137.30977,36.70015
395,137.36492,36.70056
396,137.33258,36.64866
397,137.50407,36.92239
398,137.5683,36.94236
399,137.42043,36.8181
400,136.97258,36.84976
401,137.46056,36.87105
402,136.9697,36.63376
403,136.8783,36.65628
404,136.90428,36.55894
405,137.30977,36.70015
406,137.36492,36.70056
407,137.33258,36.64866
408,137.50407,36.92239
409,137.5683,36.94236
410,136.06483,35.64298
411,135.75451,35.48686
412,136.51371,35.98165
413,136.49865,36.05977
414,136.24951,36.23503
415,136.17661,35.90168
416,136.21713,36.16276
417,136.34548,35.88616
418,136.1924,35.80245
419,136.11525,35.96432
420,135.94464,35.60519
421,135.55361,35.48722
422,135.62897,35.42297
423,135.86553,35.49119
424,136.06483,35.64298
425,135.75451,35.48686
426,136.51371,35.98165
427,136.49865,36.05977
428,136.24951,36.23503
429,136.17661,35.90168
430,136.21713,36.16276
431,136.34548,35.88616
432,136.1924,35.80245
433,138.8066,35.48547
434,138.91088,35.55095
435,138.95102,35.61196
436,138.44999,35.70611
437,138.34542,35.65876
438,138.38326,35.82684
439,138.65318,35.64059
440,139.09253,35.61922
441,138.74737,35.69416
442,138.49733,35.54689
443,138.45959,35.55975
444,138.45999,35.53715
445,138.34756,35.43885
446,138.44939,35.42397
447,138.46032,35.28068
448,139.01589,35.50972
449,138.85363,35.52241
450,138.84184,35.45329
451,138.87187,35.41821
452,138.70579,35.46943
453,138.73285,35.49433
454,138.95537,35.7507
455,138.9301,35.78653
456,138.67228,35.55029
457,138.8066,35.48547
458,138.91088,35.55095
459,138.95102,35.61196
460,138.44999,35.70611
461,138.34542,35.65876
462,138.38326,35.82684
463,138.65318,35.64059
464,139.09253,35.61922
465,138.74737,35.69416
466,138.49733,35.54689
467,138.45959,35.55975
468,138.45999,35.53715
469,138.34756,35.43885
470,138.44939,35.42397
471,138.46032,35.28068
472,139.01589,35.50972
473,138.85363,35.52241
474,138.84184,35.45329
475,138.87187,35.41821
476,138.70579,35.46943
477,138.73285,35.49433
478,138.95537,35.7507
479,138.9301,35.78653
480,137.82582,35.50337
481,138.31241,36.64689
482,138.4376,36.31894
483,137.95903,35.84165
484,137.9445,35.7274
485,137.84433,36.50806
486,138.37681,36.87011
487,138.18305,35.99952
488,137.95423,36.1282
489,138.45851,36.24583
490,138.11577,36.49821
491,138.37621,36.36018
492,137.88593,36.31598
493,138.48254,36.07872
494,138.58661,35.96669
495,138.48433,35.98418
496,138.55085,36.03293
497,138.56215,36.05534
498,138.47561,36.14266
499,138.60624,36.34031
500,138.51393,36.31408
501,138.30899,36.25678
502,138.1279,36.3653
503,138.23187,36.17249
504,138.08837,36.071
505,138.24432,35.91122
506,138.22565,35.96144
507,137.98937,35.98026
508,137.98285,35.91186
509,137.92685,35.67102
510,137.96593,35.86828
511,137.93838,35.62919
512,137.94078,35.75879
513,137.91321,35.59933
514,137.88072,35.55451
515,137.80102,35.31197
516,137.69966,35.49279
517,137.69357,35.4093
518,137.62833,35.31936
519,137.58921,35.24889
520,137.7876,35.39284
521,137.711,35.26503
522,137.84387,35.26711
523,137.84613,35.3615
524,137.887,35.50676
525,137.90528,35.54371
526,138.05111,35.5687
527,137.69926,35.7735
528,137.60507,35.59013
529,137.87114,36.12316
530,138.01581,36.41885
531,137.88505,36.41221
532,137.85925,36.41433
533,137.85862,36.6863
534,137.90139,36.79015
535,138.18827,36.44942
536,138.31878,36.69499
537,138.36812,36.67107
538,138.43009,36.74204
539,138.41374,36.84771
540,138.44853,36.92498
541,138.00761,36.56578
542,138.21027,36.80364
543,137.97566,36.61926
544,138.03556,36.61142
545,138.24312,36.74985
546,138.57051,36.95542
547,137.77722,35.94187
548,137.55508,35.80891
549,137.66586,35.68091
550,137.70263,35.8719
551,138.0428,36.45357
552,137.93575,36.42613
553,137.86407,36.19583
554,137.87892,36.1608
555,136.94717,35.83304
556,137.2673,35.82871
557,136.64276,35.22486
558,136.57146,35.29584
559,136.53451,35.36661
560,137.46832,35.51001
561,136.90406,35.55196
562,137.27209,35.36448
563,137.41045,35.41954
564,136.74213,35.60164
565,137.24557,36.32408
566,136.6055,35.61233
567,136.46651,35.35806
568,136.64479,35.2855
569,136.55822,35.49805
570,136.97626,35.48455
571,137.07431,35.49007
572,137.10981,35.55639
573,137.15295,35.4804
574,137.24802,35.59013
575,137.33937,35.64525
576,137.12456,35.43019
577,136.90515,36.23008
578,136.81095,35.00686
579,135.59257,34.32595
580,135.97893,33.72605
581,135.38337,34.15144
582,135.49579,34.28983
583,135.56671,34.27972
584,135.60059,34.21657
585,135.18344,34.00898
586,135.26659,34.06912
587,135.12986,33.9249
588,135.11479,33.96422
589,135.24436,33.82953
590,135.32805,33.78677
591,135.28897,33.939
592,135.40052,33.64281
593,135.43644,33.70055
594,135.52162,33.54803
595,135.93151,33.62498
596,135.75596,33.56647
597,135.96505,33.9348
598,135.78794,33.48336
599,133.49649,35.4833
600,133.34997,35.34424
601,133.42541,35.36979
602,133.28523,35.15156
603,133.42313,35.22286
604,133.50029,35.28398
605,134.41354,35.33202
606,134.23832,35.25341
607,134.27372,35.39646
608,133.88491,35.3897
609,133.87459,35.48348
610,133.68547,35.48253
611,133.80432,35.48182
612,134.20641,35.48315
613,133.80169,35.42866
614,134.33733,35.56744
615,132.09961,34.87687
616,131.85906,34.66796
617,132.48412,35.15471
618,133.23283,35.40611
619,132.24091,35.00259
620,132.91749,35.28722
621,133.15077,35.4263
622,133.06273,35.1684
623,132.74277,35.06672
624,132.83398,35.38862
625,132.48255,34.98433
626,132.59129,35.03398
627,132.51811,34.87144
628,131.78004,34.51702
629,131.90235,34.38733
630,133.09854,36.08971
631,133.01972,36.09838
632,133.03875,36.01028
633,133.28491,36.24013
634,133.90456,34.86428
635,134.05562,34.73605
636,133.51343,34.50393
637,133.48263,34.60888
638,133.73426,34.67831
639,133.56506,34.81117
640,133.46612,35.00638
641,134.21938,34.77664
642,134.11431,34.66
643,133.70064,35.16956
644,134.19384,35.03291
645,133.59114,34.52519
646,134.1435,34.82305
647,133.58608,34.61888
648,133.56806,35.18153
649,133.92599,35.10874
650,134.12561,35.04967
651,134.17466,35.11568
652,134.34113,35.17679
653,133.95452,34.92383
654,134.00468,34.96846
655,133.73701,34.85209
656,132.2786,33.90497
657,132.07307,33.81219
658,132.04212,33.94953
659,132.08204,33.9233
660,131.34802,34.20903
661,131.28358,34.23228
662,131.5167,34.51726
663,131.67012,34.38075
664,131.46779,34.14025
665,131.45905,34.42061
666,132.1569,34.15373
667,131.12948,34.36539
668,132.11393,33.96289
669,131.19739,34.17078
670,131.83247,34.16189
671,134.58912,34.17335
672,134.64263,33.89591
673,134.30261,34.06019
674,134.27699,34.0907
675,134.12124,34.0631
676,133.88995,34.0029
677,134.51381,33.93248
678,134.40935,33.9004
679,134.458,33.98705
680,134.35777,33.98155
681,134.35766,33.81233
682,134.42285,33.66813
683,134.54415,33.75732
684,134.31589,33.62817
685,134.46235,34.13586
686,134.4156,34.11691
687,134.05512,34.00124
688,133.91758,34.04168
689,132.54808,33.21502
690,132.42371,33.4587
691,133.10269,33.92174
692,132.56553,33.52022
693,132.70978,33.74671
694,133.52152,33.93629
695,132.63517,33.41267
696,132.87498,33.79709
697,133.16466,34.25506
698,132.96642,33.63588
699,132.78601,33.74492
700,132.68329,33.55703
701,132.20839,33.4282
702,132.71831,33.21873
703,132.70234,33.28214
704,132.55745,32.9766
705,133.48974,33.49473
706,133.39099,33.59895
707,133.14514,33.5779
708,133.181,33.32504
709,133.28779,33.50008
710,133.24796,33.53688
711,132.92273,33.39355
712,133.36521,33.53071
713,133.10182,33.42054
714,133.07229,33.22638
715,132.70781,32.81452
716,132.85177,32.90314
717,133.03733,33.05171
718,134.14278,33.31472
719,133.90741,33.50552
720,133.64436,33.57196
721,133.41805,33.47996
722,133.30071,33.40189
723,132.73698,32.93049
724,132.94097,32.78811
725,132.8862,33.04029
726,133.73956,33.64025
727,134.28343,33.52823
728,134.0264,33.41934
729,133.98941,33.4477
730,134.05926,33.46196
731,134.06905,33.57172
732,133.81344,33.52378
733,133.58842,33.75495
734,133.72636,33.77952
735,133.53168,33.72962
736,133.41792,33.7848
737,130.75785,32.20875
738,130.41223,32.19977
739,130.70565,33.01001
740,130.79735,32.95407
741,130.64339,32.68175
742,130.39944,32.45363
743,131.08584,32.95369
744,130.81305,32.71836
745,130.76006,32.74262
746,130.81828,32.78749
747,130.80664,32.66622
748,131.0577,32.71044
749,130.6745,32.57428
750,130.53076,32.30223
751,130.45444,32.23786
752,130.83348,32.20152
753,130.94547,32.26165
754,130.98923,32.27388
755,131.02036,32.32037
756,130.81532,32.24604
757,130.83448,32.41319
758,130.76941,32.25421
759,130.65739,32.25688
760,130.92172,32.22082
761,130.16528,32.4174
762,130.73721,32.70386
763,130.68361,32.71285
764,130.82993,32.6171
765,130.62874,32.90473
766,130.55273,33.03453
767,130.61771,33.01524
768,130.69368,32.90852
769,130.87789,32.88169
770,131.08766,33.08378
771,131.06857,33.12885
772,131.2107,32.99866
773,131.15896,32.82136
774,130.90697,32.83043
775,131.03082,32.84344
776,130.05844,32.50268
777,131.65018,33.72107
778,131.54425,33.36933
779,131.19977,33.20629
780,131.14568,33.28417
781,130.93793,33.31493
782,131.87243,32.94425
783,131.77135,33.107
784,131.87037,33.07128
785,131.34101,32.98869
786,131.46359,33.57173
787,131.56578,33.43409
788,131.3303,33.53516
789,131.54504,32.9861
790,131.44194,33.21532
791,131.67909,33.55861
792,131.69173,32.69962
793,131.07551,31.75866
794,131.66977,32.57427
795,131.38012,31.60196
796,130.98365,31.99537
797,131.24763,31.46662
798,131.38759,32.10061
799,130.83273,32.04057
800,131.37228,31.67736
801,131.36585,31.5291
802,131.12237,31.73091
803,131.00973,31.92444
804,131.10166,31.96219
805,131.32579,31.99664
806,131.25175,31.99704
807,131.16064,32.22629
808,131.45836,32.1672
809,131.52515,32.19821
810,131.55843,32.25776
811,131.64714,32.47431
812,131.32841,32.53182
813,131.16006,32.46446
814,131.40016,32.44503
815,131.30985,32.72176
816,131.39044,32.65627
817,131.19687,32.66647
818,130.42995,31.33844
819,130.39109,31.38468
820,130.4723,31.91923
821,130.14512,32.15903
822,130.64679,32.00647
823,130.56983,31.76703
824,130.72607,31.9761
825,131.00106,31.44352
826,130.81578,31.23286
827,130.75752,31.14193
828,130.95869,31.33009
829,130.95769,30.52822
830,130.90832,30.40703
831,130.53754,30.41937
832,130.59139,30.28056
833,129.35835,28.34606
834,129.29944,28.27694
835,129.7349,31.44574
836,130.2096,32.02112
837,130.33326,32.08502
838,130.60247,32.05526
839,131.0109,30.72226
840,130.72133,31.49137
841,130.31435,31.82416
842,130.98802,31.63693
843,131.06763,31.49334
844,130.28229,30.78397
845,129.71505,29.66123
846,130.47726,31.25947
847,129.30385,28.14672
848,129.58878,28.41127
849,129.96013,28.31933
850,129.00882,27.74983
851,128.90358,27.81081
852,128.94202,27.68655
853,128.6508,27.39534
854,128.57723,27.3498
855,136.91897,37.05812
856,136.45572,36.38661
857,136.89909,37.35114
858,137.26571,37.44145
859,139.10116,36.07019
860,139.11716,36.10807
861,138.98855,36.00751
862,139.19589,36.05022
863,139.18095,36.17824
864,139.20828,36.11508
865,139.66878,36.18525
866,136.74375,36.66874
867,136.77156,37.05719
868,136.77322,36.84205
869,136.88679,36.9731
870,136.93838,37.22988
871,137.14798,37.333
872,139.25456,35.74063
873,139.12539,35.72382
874,139.7545,36.54074
875,139.67873,36.75346
876,140.04931,36.84864
877,139.93581,36.79536
878,139.98764,36.9226
879,140.1293,36.67128
880,139.73425,36.45913
881,139.97284,36.37642
882,139.1132,35.80596
883,139.38303,34.73853
884,139.28125,34.52083
885,139.24809,34.35871
886,139.14316,34.20277
887,139.51833,34.08605
888,139.60736,33.87278
889,139.80094,33.10202
890,139.76875,32.4625
891,142.16214,26.64892
892,139.08305,35.36289
893,139.05074,35.23864
894,139.27532,35.48362
895,139.29609,35.95854
896,139.36143,36.05069
897,139.26585,36.05584
898,139.47887,35.97605
899,139.45309,36.04095
900,139.27755,35.99971
901,139.10935,35.98214
902,139.86407,34.98454
903,140.29657,35.15566
904,140.09209,35.11469
905,139.93992,35.31566
906,139.87081,35.26526
907,136.35922,36.31542
908,136.79662,36.9019
909,136.74331,36.73725
910,136.5429,36.46724
911,140.20779,35.8167
912,140.411,35.88719
913,140.47219,35.74769
914,140.67693,35.81717
915,140.41247,35.71204
916,140.48939,35.66188
917,140.37277,35.36677
918,140.32146,35.36139
919,140.3559,35.40285
920,140.3866,35.4447
921,140.21956,35.44429
922,140.23682,35.2688
923,140.35859,35.18627
924,139.8472,35.11983
925,140.55801,35.95032
926,140.39261,36.56625
927,140.48164,36.44258
928,139.89686,36.06125
929,140.38571,35.93913
930,140.25327,36.12947
931,140.09593,36.32987
932,140.4628,36.07836
933,140.52765,36.19153
934,140.03395,35.97323
935,140.35717,36.2091
936,140.43667,36.28435
937,140.35492,36.48297
938,140.35882,36.77859
939,140.28179,35.8786
940,139.89404,36.17566
941,140.16023,35.86296
942,140.09962,36.46572
943,140.1906,36.53108
944,140.09144,36.53924
945,140.03634,36.55232
946,139.66254,36.2665
947,139.66799,36.31521
948,139.74474,36.42017
949,139.84594,36.76123
950,140.00989,36.62886
951,140.09052,37.02374
952,140.14758,36.75378
953,139.06087,36.65257
954,139.07035,36.25559
955,138.86065,36.32339
956,139.08902,36.4535
957,138.97852,36.43195
958,138.99166,36.25522
959,138.76637,36.07983
960,138.8635,36.10088
961,138.76847,36.21643
962,138.71378,36.16426
963,138.92738,36.23485
964,139.14326,35.34891
965,139.07683,36.61999
966,138.98485,36.71906
967,139.6189,36.22467
968,139.07981,36.00169
969,139.92761,35.02174
970,140.55834,35.70095
971,140.52325,35.88759
972,140.43949,35.60793
973,140.36364,35.27534
974,140.21864,35.76346
975,140.52613,36.5333
976,140.70531,36.71715
977,140.74559,36.806
978,136.27143,34.17273
979,136.03811,33.81982
980,135.9966,33.7563
981,136.174,34.93818
982,136.01691,35.36358
983,136.32639,35.33214
984,136.14316,35.1359
985,136.24618,35.01443
986,138.83812,36.60039
987,138.62864,36.52316
988,138.52545,36.5115
989,138.59984,36.61754
990,138.63851,36.61999
991,138.95111,36.61933
992,138.82694,36.54509
993,139.23502,36.77687
994,139.10328,36.68625
995,140.64864,38.09044
996,140.41916,37.99884
997,140.73111,38.11222
998,140.63843,38.18405
999,140.77138,37.89945
1000,140.87469,38.03878
1001,140.89188,37.94908
1002,141.0744,38.38727
1003,140.88915,38.4292
1004,141.00865,38.43053
1005,140.88756,38.46644
1006,140.84102,38.54028
1007,140.72243,38.58156
1008,141.14368,38.54595
1009,141.07204,38.53416
1010,141.4581,38.43612
1011,141.51596,38.79109
1012,141.47412,38.69369
1013,136.20094,34.05113
1014,136.45813,34.86836
1015,136.86205,34.46313
1016,136.07512,33.8951
1017,136.50176,35.16094
1018,136.82516,34.33399
1019,136.16009,34.77071
1020,136.73916,35.06922
1021,136.51334,35.0272
1022,136.54633,34.48933
1023,136.63105,34.5446
1024,136.3881,34.38437
1025,136.63181,34.48616
1026,136.60665,34.41822
1027,136.42676,34.32855
1028,136.614,34.31035
1029,136.11985,35.0589
1030,136.29898,35.21484
1031,136.23877,35.44124
1032,136.23594,35.4678
1033,141.57037,38.9016
1034,140.62586,37.9973
1035,140.78769,37.97957
1036,141.20422,38.67821
1037,141.0339,38.74993
1038,128.21288,26.75338
1039,128.12932,26.6832
1040,128.15444,26.62778
1041,127.97477,26.47833
1042,122.98894,24.45719
1043,139.90764,36.68261
1044,138.89604,36.38119
1045,139.15325,35.60761
1046,135.81628,34.76739
1047,135.87248,34.7444
1048,130.65776,33.25136
1049,130.5239,33.1193
1050,130.46268,33.09895
1051,129.93444,33.03442
1052,129.8613,33.06707
1053,129.90093,33.13106
1054,129.06083,33.19319
1055,129.64672,33.2967
1056,129.60487,33.28259
1057,129.65857,33.23701
1058,129.0832,32.98655
1059,124.1683,24.34541
1060,130.21176,33.54812
1061,130.65044,33.72315
1062,130.70087,33.38955
1063,130.42804,33.50141
1064,127.36137,26.18857
1065,127.29713,26.21168
1066,127.2329,26.57924
1067,127.14375,26.36846
1068,131.23326,25.83483
1069,131.29566,25.94649
1070,127.96709,27.03379
1071,127.94207,26.92631
1072,126.76691,26.34129
1073,124.69847,24.66762
1074,123.82965,24.31799
1075,130.6824,33.19946
1076,130.59114,33.17462
1077,130.55391,33.24106
1078,130.82413,33.1514
1079,130.75465,33.24632
1080,130.84949,33.66364
1081,130.85947,33.55779
1082,130.81908,33.59423
1083,130.8518,33.60803
1084,130.87891,33.61222
1085,130.94511,33.6685
1086,131.17298,33.55762
1087,131.03922,33.65328
1088,130.11635,33.27702
1089,129.87949,33.28211
1090,130.04308,33.20477
1091,130.10424,33.09398
1092,130.20778,33.25596
1093,130.05457,33.11728
1094,130.37839,33.28283
1095,130.3241,33.19235
1096,130.29036,33.19842
1097,130.23958,33.23209
1098,129.86249,33.48063
1099,130.15599,33.21681
1100,130.14179,33.16689
1101,130.18765,32.99623
1102,129.5126,33.33817
1103,129.6947,33.34426
1104,129.3625,34.50097
1105,129.72098,33.78372
1106,128.80147,32.67981
1107,129.69221,33.01324
1108,130.23398,32.80532
1109,130.2799,32.66991
1110,132.51494,34.50333
1111,132.91657,34.34272
1112,133.04117,34.41207
1113,133.23654,34.56634
1114,132.86431,34.79232
1115,133.04503,34.90007
1116,132.22401,34.22252
1117,132.73964,34.43364
1118,132.28792,34.35294
1119,132.67222,34.69329
1120,132.4468,34.21488
1121,134.22149,34.26826
1122,134.32375,34.21755
1123,133.70499,34.17516
1124,134.18877,34.49407
1125,134.29257,34.48261
1126,134.13686,34.2611
1127,133.98649,34.46001
1128,133.95137,34.23593
1129,133.8666,34.17403
1130,134.86347,34.3436
1131,134.46921,34.80979
1132,134.81143,35.51433
1133,134.39293,34.75708
1134,134.97381,35.00346
1135,135.20859,34.90552
1136,134.85525,34.91653
1137,135.21967,35.06673
1138,134.68293,35.34685
1139,135.07443,35.18418
1140,134.76177,34.29672
1141,131.12425,33.60338
1142,135.70134,34.3502
1143,135.96771,34.53706
1144,136.03286,34.6655
1145,136.12798,34.51054
1146,136.17142,34.48925
1147,135.7858,34.44479
1148,130.50465,33.65019
1149,130.6221,33.84739
1150,130.59907,33.44956
1151,130.8533,33.42457
1152,130.14194,33.51306
1153,130.16515,33.58172
1154,136.23202,35.50618
1155,136.20642,35.55029
1156,136.14309,35.50819
1157,132.2709,34.60252
1158,132.35065,34.71497
1159,132.89005,34.2453
1160,133.00635,34.61189
1161,133.25958,34.74671
1162,135.87332,34.85078
1163,135.94593,34.75559
1164,135.90921,34.79815
1165,136.00976,34.75397
1166,135.39543,35.18942
1167,135.2756,35.69387
1168,135.10071,35.52195
1169,135.46386,34.90567
1170,135.42585,34.96543
1171,135.15781,34.31842
1172,135.63089,34.44675
1173,138.94291,35.35021
1174,138.56175,35.2155
1175,138.61046,35.15705
1176,138.56217,35.10581
1177,138.2795,34.92204
1178,138.08931,34.94849
1179,138.12629,35.11104
1180,137.9267,34.832
1181,134.83692,35.30418
1182,134.92909,34.49466
1183,134.53616,35.05966
1184,134.99889,34.90747
1185,135.37288,34.91449
1186,134.91701,35.06092
1187,134.77165,34.99758
1188,134.75552,34.95095
1189,134.75952,35.07147
1190,134.36403,34.87242
1191,134.37468,35.01569
1192,134.61002,35.556
1193,134.4672,35.58007
1194,137.50989,34.91332
1195,137.16893,34.63876
1196,135.81199,34.46304
1197,135.88048,34.38981
1198,135.80068,34.38801
1199,135.79671,34.36091
1200,135.85443,34.30478
1201,135.85141,34.23266
1202,135.64743,34.1602
1203,135.78034,33.98531
1204,135.96556,34.01784
1205,136.88558,34.77616
1206,137.13318,34.79104
1207,137.56407,35.12083
1208,137.70169,35.07086
1209,137.72442,35.17507
1210,137.30721,34.86449
1211,136.00832,34.14074
1212,135.9745,34.32121
1213,135.99801,34.402
1214,135.13707,35.30247
1215,135.36731,35.45989
1216,135.26824,35.31432
1217,135.19833,35.5325
1218,135.56658,35.01267
1219,135.04466,35.64555
1220,135.50895,35.12629
1221,135.80993,34.802
1222,137.719887,34.839936
1223,138.61722,35.23829
1224,138.01674,34.74593
1225,138.92446,35.29223
1226,138.94264,34.68072
1227,138.90588,35.19072
1228,138.91082,34.92134
1229,138.08944,34.72927
1230,138.95461,35.0437
1231,138.20555,34.72357
1232,139.05552,34.79605
1233,138.98187,34.75952
1234,138.85093,34.65063
1235,138.78764,34.7469
1236,138.78531,34.80446
1237,138.96314,35.08775
1238,139.16854,35.26941
1239,139.63725,35.15904
1240,139.22097,35.37399
1241,139.31511,35.39869
1242,139.11502,35.31441
1243,137.21417,36.68174
1244,137.00358,36.73817
1245,137.35951,36.75761
1246,137.08552,36.72992
1247,136.65129,36.56415
1248,139.11515,36.21278
1249,139.14192,36.24261
1250,139.57792,36.09927
1251,139.66794,36.14165
1252,139.72261,36.01935
1253,139.67019,36.01731
1254,136.64636,36.64584
1255,136.21804,36.06682
1256,136.19371,35.95645
1257,136.30517,36.09812
1258,138.5732,35.65274
1259,138.67958,35.69016
1260,138.51546,35.66863
1261,138.53325,35.59566
1262,139.28218,35.78833
1263,139.28299,35.72695
1264,139.89147,36.55295
1265,139.45226,36.33097
1266,139.72995,36.38502
1267,139.57737,36.31416
1268,139.80988,36.30573
1269,139.99916,36.43932
1270,139.96942,36.70823
1271,139.86603,36.41218
1272,139.91356,36.44347
1273,138.19419,36.63185
1274,137.93382,36.21215
1275,138.24868,36.39086
1276,138.05349,36.06291
1277,138.11977,36.03022
1278,138.35267,36.74946
1279,139.12947,35.33252
1280,139.14009,35.15424
1281,139.10427,35.14451
1282,139.32442,35.52168
1283,138.977162,37.678854
1284,138.808653,37.685019
1285,138.83363,37.47085
1286,138.95916,37.61942
1287,138.89258,37.6613
1288,138.27957,37.13067
1289,139.65809,35.99201
1290,139.72919,36.06991
1291,139.35427,35.89456
1292,139.8569,35.88106
1293,139.32544,35.93962
1294,139.32387,36.04961
1295,139.34407,35.98261
1296,139.60863,36.0547
1297,139.70107,36.12467
1298,139.67332,36.08873
1299,139.74403,36.0312
1300,139.82864,35.92644
1301,140.17162,35.62229
1302,140.22101,35.54275
1303,140.82133,35.72967
1304,139.9449,35.37479
1305,139.87355,35.95253
1306,140.30413,35.43104
1307,140.33969,35.7959
1308,140.19297,35.71113
1309,140.37701,35.55751
1310,140.6584,35.72486
1311,140.10904,35.48587
1312,140.17553,35.66623
1313,140.00424,35.42569
1314,140.30942,35.6529
1315,136.5619,36.49996
1316,136.51746,36.44424
1317,140.2502,35.83813
1318,140.35167,35.50761
1319,140.44003,35.52717
1320,140.24721,35.38075
1321,140.16079,35.97113
1322,140.09783,36.09289
1323,140.54669,36.39149
1324,140.64391,35.96916
1325,139.98855,35.94788
1326,139.97907,36.29256
1327,140.69753,35.86473
1328,140.5716,36.30734
1329,140.58127,36.45779
1330,140.31062,36.00269
1331,140.21862,36.02066
1332,139.74751,36.10287
1333,139.80799,36.10916
1334,141.14214,39.7006
1335,139.81824,36.44872
1336,139.73512,36.22283
1337,139.71639,36.33571
1338,139.0892,36.3856
1339,139.31963,36.40789
1340,139.21211,36.3099
1341,139.34986,36.29483
1342,139.53021,36.24111
1343,139.01147,36.49034
1344,138.89199,36.26492
1345,139.28904,36.39912
1346,139.01324,36.44257
1347,139.59468,35.27324
1348,139.30784,35.30971
1349,139.2255,35.33044
1350,139.1574,35.32753
1351,139.12594,36.30161
1352,139.53573,36.20475
1353,139.45372,36.2109
1354,139.46578,36.2494
1355,139.37784,36.1628
1356,139.47043,36.13791
1357,139.32433,35.85376
1358,139.60942,36.12254
1359,139.19053,36.23235
1360,139.39993,36.02967
1361,139.54884,36.16705
1362,139.50604,36.06878
1363,139.28516,36.19286
1364,140.3363,38.25106
1365,139.85707,38.91207
1366,140.37712,38.35398
1367,140.56469,37.82841
1368,140.343855,37.473819
1369,140.14093,35.81356
1370,140.05451,35.79275
1371,140.33768,35.72524
1372,140.28076,35.72867
1373,140.46632,36.36908
1374,140.64359,36.57502
1375,140.18897,36.08289
1376,140.25934,36.20418
1377,139.8708,36.2775
1378,140.17593,35.91548
1379,139.95799,36.19373
1380,139.98039,36.05821
1381,140.29439,36.34239
1382,140.07451,35.9083
1383,135.89048,35.02108
1384,136.24413,35.24867
1385,136.27539,35.39328
1386,136.09876,35.12174
1387,135.9871,35.06606
1388,136.00129,35.0206
1389,136.02197,35.10193
1390,136.10395,35.00617
1391,136.196,35.12276
1392,141.14157,39.13417
1393,140.86353,38.2669
1394,140.86297,38.22097
1395,140.87646,38.31758
1396,141.21339,38.42842
1397,140.96768,38.5829
1398,140.73543,38.04575
1399,140.78601,38.06191
1400,141.05885,38.29728
1401,140.98286,38.33129
1402,140.88926,38.37438
1403,140.11053,39.72131
1404,140.46734,40.60493
1405,141.49635,40.51561
1406,136.60739,34.97076
1407,136.70731,34.50732
1408,136.52401,34.56867
1409,136.67582,35.07201
1410,136.55923,34.86572
1411,136.11214,34.62604
1412,136.59724,35.08153
1413,136.66991,35.03407
1414,136.67479,35.01635
1415,136.22835,35.17121
1416,136.2328,35.19827
1417,136.26153,35.20292
1418,136.26524,35.41896
1419,141.24765,43.12085
1420,141.446178,43.000955
1421,141.01425,43.18571
1422,141.00201,42.3426
1423,144.35244,43.00035
1424,141.52594,43.08996
1425,141.2815,38.45368
1426,140.88722,38.16521
1427,140.87625,38.10462
1428,137.23951,36.14734
1429,137.12418,35.33471
1430,136.90685,35.49775
1431,136.70838,35.31548
1432,137.02515,35.45118
1433,137.19963,35.33837
1434,136.87463,35.40069
1435,137.05298,35.4089
1436,136.66957,35.39768
1437,130.6196,31.72717
1438,130.98691,31.37849
1439,127.96982,26.68195
1440,127.89924,26.66123
1441,127.83409,26.46333
1442,127.91504,26.44967
1443,127.80414,26.71093
1444,140.3965,37.50607
1445,139.93444,36.61658
1446,139.34642,36.11182
1447,139.30647,35.59035
1448,135.80964,34.72994
1449,130.48308,33.14902
1450,129.85066,32.82757
1451,130.62355,32.52165
1452,130.45964,32.97579
1453,130.54205,32.9131
1454,130.68337,32.6333
1455,131.42255,31.92875
1456,131.61932,32.41324
1457,131.39299,31.85213
1458,131.47511,32.07287
1459,130.87332,31.3973
1460,130.30278,31.27272
1461,130.61781,31.23461
1462,130.3864,31.61601
1463,130.76015,31.76262
1464,130.27887,31.71442
1465,130.30174,31.41675
1466,129.51697,28.38472
1467,130.95765,33.91079
1468,130.76894,33.89905
1469,130.90201,33.82881
1470,128.42893,27.03908
1471,127.99345,26.59303
1472,130.56177,33.40223
1473,130.53367,33.48444
1474,130.56273,33.79686
1475,130.47785,33.72793
1476,130.4925,33.76857
1477,130.76998,33.3422
1478,130.7266,33.58275
1479,130.422276,33.081773
1480,130.52227,33.56205
1481,130.52337,33.62081
1482,130.5096,33.58667
1483,130.45259,33.7036
1484,130.61646,33.38006
1485,130.44252,33.21058
1486,130.78215,33.65402
1487,130.78214,33.68465
1488,130.98117,33.76821
1489,131.17614,33.6053
1490,130.28704,33.26006
1491,129.97518,33.44639
1492,130.51107,33.36941
1493,130.3979,33.33744
1494,130.52681,33.41884
1495,130.42259,33.323
1496,130.45116,33.3085
1497,129.86847,33.19866
1498,130.11528,33.21234
1499,129.86241,32.76553
1500,129.72754,33.16906
1501,130.34334,32.80926
1502,130.06551,32.84221
1503,129.9605,32.91907
1504,129.87528,32.81635
1505,132.45806,34.45521
1506,132.52833,34.36861
1507,132.35628,34.37897
1508,132.58975,34.24024
1509,133.18654,34.40778
1510,133.36374,34.50559
1511,130.75411,32.8826
1512,130.46115,32.925
1513,130.80131,32.85563
1514,132.22846,34.20249
1515,134.54688,34.06638
1516,134.59675,33.99531
1517,131.63317,33.22432
1518,131.49212,33.29181
1519,131.20799,33.56184
1520,133.82007,34.26933
1521,133.87,34.31504
1522,133.78516,34.22616
1523,133.66618,34.10991
1524,133.82489,34.1886
1525,133.75426,34.26104
1526,132.76765,33.8432
1527,132.98546,34.06844
1528,133.29448,33.94988
1529,132.72024,33.78753
1530,133.73004,33.5602
1531,134.01617,33.4301
1532,134.85255,34.75952
1533,135.361,34.80336
1534,135.01431,34.80337
1535,134.9442,34.85076
1536,130.29604,33.5728
1537,130.34572,33.5561
1538,130.45813,33.03368
1539,130.73475,33.74607
1540,130.67954,33.63581
1541,130.80881,33.63594
1542,130.41561,33.15792
1543,130.56236,33.21034
1544,130.50037,33.20593
1545,130.38239,33.20297
1546,130.9806,33.71634
1547,135.83414,34.59305
1548,135.85444,34.51407
1549,135.73746,34.44709
1550,135.71324,34.69624
1551,135.7053,34.54142
1552,135.72203,34.49229
1553,135.70082,34.62673
1554,135.73273,34.60478
1555,135.75586,34.59889
1556,135.77199,34.58135
1557,135.77405,34.56821
1558,135.79496,34.55172
1559,130.66899,33.88725
1560,130.66823,33.84283
1561,130.70763,33.69697
1562,130.67738,33.78595
1563,130.68465,33.57479
1564,133.06492,35.46571
1565,132.74582,35.3763
1566,133.92788,34.65998
1567,133.75276,34.56239
1568,134.03171,35.07991
1569,133.93536,34.49567
1570,134.04102,34.79002
1571,133.82655,34.60611
1572,133.559,34.51009
1573,133.38125,35.43345
1574,135.74347,35.04171
1575,135.78519,35.0376
1576,132.58294,34.3337
1577,132.51502,34.33624
1578,130.93751,33.98295
1579,131.25851,33.97665
1580,131.56624,34.04423
1581,131.8729,34.01407
1582,131.94959,33.96747
1583,131.17228,34.01143
1584,135.78844,34.7585
1585,134.43801,34.07142
1586,134.58812,34.1327
1587,134.55365,34.12361
1588,134.49861,34.12492
1589,134.05205,34.30611
1590,135.3681,34.42655
1591,135.32795,34.40016
1592,135.56793,34.44316
1593,135.45489,34.47035
1594,135.28275,34.36372
1595,135.24262,34.34725
1596,135.66972,34.88006
1597,135.36018,34.39195
1598,135.63902,34.51324
1599,135.63379,34.48819
1600,135.17331,34.75976
1601,135.0133,34.69774
1602,134.6738,34.82752
1603,138.89857,35.13551
1604,138.28375,34.79987
1605,138.25772,34.76833
1606,137.56686,34.68884
1607,134.54753,34.84616
1608,134.91499,34.74494
1609,134.58269,34.82641
1610,135.80558,34.6806
1611,137.14523,35.07039
1612,137.07746,34.95084
1613,137.06357,34.86568
1614,137.22747,34.8171
1615,136.95368,35.35352
1616,136.84839,34.89003
1617,136.78007,35.23379
1618,136.86879,34.97025
1619,136.70684,35.17787
1620,135.74751,34.54591
1621,135.72774,34.58108
1622,136.96315,34.96478
1623,136.94028,34.71256
1624,136.91604,34.84504
1625,137.02967,34.80517
1626,137.07574,34.81065
1627,137.17377,34.86667
1628,137.089,35.08709
1629,137.35892,34.79657
1630,137.31805,34.81389
1631,136.47629,34.71361
1632,135.18272,34.22751
1633,135.19961,34.13824
1634,135.13481,34.07991
1635,135.16462,33.88595
1636,135.41555,33.76126
1637,135.36468,34.25369
1638,135.31185,34.26236
1639,135.18114,34.03365
1640,135.13259,33.89015
1641,135.94338,33.58756
1642,133.34777,35.43625
1643,133.2328,35.52521
1644,137.3983,34.74385
1645,137.16881,34.95099
1646,137.09449,35.22132
1647,137.3842,34.83135
1648,136.99537,34.88404
1649,135.78296,34.84857
1650,135.76741,34.81273
1651,135.784523,34.711585
1652,136.75515,35.08922
1653,137.05218,35.09797
1654,136.79279,35.19195
1655,136.81275,35.06304
1656,136.91695,34.93211
1657,136.60771,35.41784
1658,136.66998,35.33269
1659,136.63259,35.46359
1660,136.57404,35.43832
1661,136.97696,35.42805
1662,138.39299,34.99358
1663,138.39863,34.95804
1664,138.47691,35.02361
1665,137.507649,34.760754
1666,138.86108,35.1116
1667,139.0733,35.08667
1668,138.92676,35.11455
1669,139.10185,34.94849
1670,138.16903,34.83101
1671,138.68238,35.1633
1672,137.85006,34.71711
1673,138.25933,34.86132
1674,137.91572,34.75328
1675,137.52273,34.7159
1676,138.15645,34.64764
1677,139.55551,35.36062
1678,139.50022,35.41568
1679,139.50743,35.59475
1680,139.67272,35.25483
1681,139.33747,35.34133
1682,139.53578,35.3293
1683,139.41278,35.33575
1684,139.58693,35.29663
1685,139.35027,35.44987
1686,139.39791,35.43917
1687,139.43447,35.43922
1688,139.33264,35.65338
1689,139.44304,35.56134
1690,139.42921,35.73967
1691,139.38976,35.74602
1692,139.50123,35.63197
1693,139.34894,35.77095
1694,138.53733,35.62697
1695,139.138678,37.86205
1696,139.07049,37.887701
1697,139.033756,37.826355
1698,139.06759,37.725651
1699,138.881345,37.805212
1700,139.38289,35.82191
1701,139.56112,36.00052
1702,139.6743,36.06265
1703,139.54023,36.02398
1704,139.83937,35.81642
1705,139.55467,35.84427
1706,139.87443,35.82857
1707,139.3936,35.95373
1708,139.40826,35.93518
1709,139.62672,35.99171
1710,139.52833,35.83047
1711,140.0897,35.66827
1712,139.97672,35.84926
1713,139.91914,35.87177
1714,140.10421,35.72053
1715,140.05331,35.86671
1716,140.00551,35.76705
1717,136.61547,36.52693
1718,139.02537,36.33484
1719,139.38869,35.37197
1720,139.25355,35.30083
1721,139.40938,36.24747
1722,139.57482,35.90861
1723,139.66347,35.92896
1724,139.60325,35.86037
1725,139.7025,35.8878
1726,139.70877,35.94886
1727,139.47958,35.90568
1728,139.46465,35.79579
1729,139.76291,35.97012
1730,139.42297,35.85634
1731,139.58929,35.96853
1732,139.79051,35.89611
1733,139.74704,36.18348
1734,135.95785,35.01005
1735,140.93155,38.26828
1736,140.92395,38.23926
1737,136.78751,35.38273
1738,136.76729,35.36347
1739,141.34247,43.10861
1740,141.38038,43.09141
1741,141.40427,43.01714
1742,141.29405,43.07835
1743,141.47578,43.03367
1744,141.02458,38.31547
1745,141.01191,38.29143
1746,136.76229,35.42104
1747,136.61103,35.35627
1748,130.66356,31.73921
1749,127.74272,26.39088
1750,127.75677,26.36008
1751,127.76966,26.31677
1752,127.79898,26.30209
1753,127.78,26.25476
1754,127.73018,26.19017
1755,139.05597,37.87178
1756,137.72606,34.74889
1757,130.72403,32.79682
1758,131.51452,32.12666
1759,130.53615,31.58214
1760,130.83476,33.89085
1761,130.81646,33.86344
1762,127.68357,26.12909
1763,127.84659,26.37847
1764,125.3093,24.77891
1765,127.76808,26.17028
1766,130.48482,33.5245
1767,130.52229,33.51002
1768,130.47441,33.58787
1769,132.54156,34.36598
1770,133.83014,34.30602
1771,133.54006,33.56101
1772,135.35228,34.73968
1773,135.31137,34.73178
1774,134.79281,34.76562
1775,135.41221,34.84672
1776,130.74252,33.84712
1777,130.43581,33.64326
1778,130.52569,33.29585
1779,130.71773,33.8194
1780,135.78157,34.6314
1781,135.79187,34.49932
1782,135.69561,34.59874
1783,130.47012,33.61415
1784,130.69617,33.85596
1785,132.49146,34.411
1786,135.70944,35.01121
1787,135.45106,34.67597
1788,135.56579,34.5353
1789,135.39758,34.4567
1790,135.4378,34.81565
1791,135.61534,34.84125
1792,135.5676,34.8185
1793,135.59374,34.49364
1794,135.48065,34.82442
1795,135.63886,34.57449
1796,135.59816,34.55022
1797,135.44114,34.52022
1798,135.64606,34.73444
1799,135.68417,34.77791
1800,135.55088,34.48908
1801,135.40249,34.48538
1802,135.29375,34.3875
1803,135.23317,34.714
1804,135.11252,34.66578
1805,134.86714,34.71375
1806,135.74524,34.50738
1807,136.87277,35.33654
1808,136.93326,35.29012
1809,136.90406,35.0207
1810,136.95995,35.01712
1811,137.05295,34.99764
1812,137.03615,35.20834
1813,136.99753,34.9281
1814,136.87425,35.27541
1815,137.00449,35.05251
1816,137.04893,35.13646
1817,136.85436,35.20323
1818,136.8791,35.24123
1819,135.72015,34.56496
1820,135.70368,34.58513
1821,136.86226,35.09939
1822,136.98511,35.20467
1823,136.96834,35.07833
1824,136.80694,35.3069
1825,136.93383,34.89513
1826,136.98988,35.25694
1827,136.7471,35.17043
1828,137.01815,34.99601
1829,135.76754,34.93948
1830,135.81535,34.97823
1831,135.68982,34.97062
1832,135.79236,34.89511
1833,135.69544,34.92039
1834,135.70908,34.86297
1835,135.69557,34.89945
1836,135.74348,34.88316
1837,137.04962,35.1703
1838,136.91778,35.24401
1839,136.85076,35.2308
1840,136.91424,35.32902
1841,136.9157,35.35664
1842,136.80159,35.16694
1843,136.8296,35.18953
1844,136.82757,35.16766
1845,136.78634,35.12766
1846,136.69375,35.42825
1847,137.741841,34.707657
1848,137.598039,34.676785
1849,137.683415,34.652943
1850,137.744996,34.77546
1851,138.31304,34.85379
1852,138.90041,35.09998
1853,139.55551,35.36062
1854,139.50022,35.41568
1855,139.50743,35.59475
1856,139.67272,35.25483
1857,139.33747,35.34133
1858,139.53578,35.3293
1859,139.41278,35.33575
1860,139.58693,35.29663
1861,139.35027,35.44987
1862,139.39791,35.43917
1863,139.43447,35.43922
1864,139.33264,35.65338
1865,139.44304,35.56134
1866,139.42921,35.73967
1867,139.38976,35.74602
1868,139.50123,35.63197
1869,139.34894,35.77095
1870,138.53733,35.62697
1871,139.138678,37.86205
1872,139.07049,37.887701
1873,139.033756,37.826355
1874,139.06759,37.725651
1875,138.881345,37.805212
1876,139.38289,35.82191
1877,139.56112,36.00052
1878,139.6743,36.06265
1879,139.54023,36.02398
1880,139.83937,35.81642
1881,139.55467,35.84427
1882,139.87443,35.82857
1883,139.3936,35.95373
1884,139.40826,35.93518
1885,139.62672,35.99171
1886,139.52833,35.83047
1887,140.0897,35.66827
1888,139.97672,35.84926
1889,139.91914,35.87177
1890,140.10421,35.72053
1891,140.05331,35.86671
1892,140.00551,35.76705
1893,136.61547,36.52693
1894,139.02537,36.33484
1895,139.38869,35.37197
1896,139.25355,35.30083
1897,139.40938,36.24747
1898,139.57482,35.90861
1899,139.66347,35.92896
1900,139.60325,35.86037
1901,139.7025,35.8878
1902,139.70877,35.94886
1903,139.47958,35.90568
1904,139.46465,35.79579
1905,139.76291,35.97012
1906,139.42297,35.85634
1907,139.58929,35.96853
1908,139.79051,35.89611
1909,139.74704,36.18348
1910,135.95785,35.01005
1911,140.93155,38.26828
1912,140.92395,38.23926
1913,136.78751,35.38273
1914,139.58901,35.45664
1915,139.61467,35.39148
1916,139.62672,35.34317
1917,139.62965,35.52537
1918,139.5374,35.40086
1919,139.58321,35.393
1920,139.53303,35.47301
1921,139.53384,35.51317
1922,139.49318,35.46187
1923,139.53322,35.55538
1924,139.57678,35.52907
1925,139.72034,35.52085
1926,139.61989,35.59039
1927,139.55405,35.61418
1928,139.58445,35.58219
1929,139.47156,35.35577
1930,139.39069,35.54957
1931,139.45926,35.47568
1932,139.41851,35.48614
1933,139.85719,35.74567
1934,139.4151,35.70385
1935,139.56908,35.68293
1936,139.48139,35.66863
1937,139.3696,35.70756
1938,139.55551,35.65044
1939,139.51418,35.69819
1940,139.48255,35.72436
1941,139.39547,35.66077
1942,139.4741,35.75299
1943,139.47319,35.69923
1944,139.44068,35.68733
1945,139.33554,35.73467
1946,139.58005,35.63149
1947,139.51976,35.77248
1948,139.52293,35.75019
1949,139.444,35.62819
1950,139.31992,35.76185
1951,139.55012,35.73217
1952,139.67618,35.50766
1953,139.63124,35.48147
1954,139.011282,37.852998
1955,139.73862,35.82671
1956,139.59446,35.80036
1957,139.58308,35.828
1958,139.61859,35.78212
1959,139.56279,35.78437
1960,139.51809,35.86271
1961,140.12928,35.5962
1962,140.10999,35.63817
1963,140.06813,35.63098
1964,139.92676,35.71286
1965,140.01273,35.71405
1966,139.93078,35.79541
1967,140.0372,35.6809
1968,139.89959,35.6444
1969,139.61579,35.94024
1970,139.62274,35.90643
1971,139.62503,35.87858
1972,139.72722,35.82222
1973,139.80334,35.83381
1974,139.66725,35.81236
1975,141.34662,43.05502
1976,141.41601,43.04823
1977,127.76308,26.22693
1978,127.76158,26.19684
1979,130.87761,33.87399
1980,127.76038,26.2695
1981,127.81129,26.33293
1982,127.68263,26.17491
1983,130.45553,33.5258
1984,127.72558,26.14226
1985,132.48219,34.3709
1986,132.42555,34.38719
1987,132.50999,34.38583
1988,135.41696,34.7346
1989,134.95656,34.67142
1990,135.41044,34.77864
1991,130.41977,33.54785
1992,130.37101,33.55217
1993,135.77917,34.99005
1994,135.74401,34.97081
1995,135.47344,34.64713
1996,135.44998,34.70555
1997,135.50356,34.52271
1998,135.53528,34.53133
1999,135.46194,34.53784
2000,135.50665,34.48714
2001,135.51064,34.56306
2002,135.47708,34.77518
2003,135.51976,34.77271
2004,135.41811,34.49661
2005,135.67219,34.81667
2006,135.6098,34.61941
2007,135.62588,34.76277
2008,135.55401,34.57755
2009,135.62758,34.70759
2010,135.56744,34.77307
2011,135.60777,34.57109
2012,135.6026,34.66529
2013,135.2751,34.71854
2014,135.17101,34.66943
2015,135.14974,34.66007
2016,135.05771,34.64334
2017,136.96112,35.16639
2018,136.92163,35.20171
2019,136.88993,35.18953
2020,136.93541,35.12009
2021,136.86253,35.13673
2022,136.92541,35.09274
2023,137.00667,35.16662
2024,136.98462,35.12013
2025,135.70698,34.9443
2026,135.46191,34.61449
2027,135.47619,34.57705
2028,137.694911,34.680133
2029,139.58901,35.45664
2030,139.61467,35.39148
2031,139.62672,35.34317
2032,139.62965,35.52537
2033,139.5374,35.40086
2034,139.58321,35.393
2035,139.53303,35.47301
2036,139.53384,35.51317
2037,139.49318,35.46187
2038,139.53322,35.55538
2039,139.57678,35.52907
2040,139.72034,35.52085
2041,139.61989,35.59039
2042,139.55405,35.61418
2043,139.58445,35.58219
2044,139.47156,35.35577
2045,139.39069,35.54957
2046,139.45926,35.47568
2047,139.41851,35.48614
2048,139.85719,35.74567
2049,139.4151,35.70385
2050,139.56908,35.68293
2051,139.48139,35.66863
2052,139.3696,35.70756
2053,139.55551,35.65044
2054,139.51418,35.69819
2055,139.48255,35.72436
2056,139.39547,35.66077
2057,139.4741,35.75299
2058,139.47319,35.69923
2059,139.44068,35.68733
2060,139.33554,35.73467
2061,139.58005,35.63149
2062,139.51976,35.77248
2063,139.52293,35.75019
2064,139.444,35.62819
2065,139.31992,35.76185
2066,139.55012,35.73217
2067,139.67618,35.50766
2068,139.63124,35.48147
2069,139.011282,37.852998
2070,139.73862,35.82671
2071,139.59446,35.80036
2072,139.58308,35.828
2073,139.61859,35.78212
2074,139.56279,35.78437
2075,139.51809,35.86271
2076,140.12928,35.5962
2077,140.10999,35.63817
2078,140.06813,35.63098
2079,139.92676,35.71286
2080,140.01273,35.71405
2081,139.93078,35.79541
2082,140.0372,35.6809
2083,139.89959,35.6444
2084,139.61579,35.94024
2085,139.62274,35.90643
2086,139.62503,35.87858
2087,139.72722,35.82222
2088,139.80334,35.83381
2089,139.66725,35.81236
2090,141.34662,43.05502
2091,141.41601,43.04823
2092,127.76308,26.22693
2093,127.76158,26.19684
2094,130.87761,33.87399
2095,127.76038,26.2695
2096,127.81129,26.33293
2097,127.68263,26.17491
2098,130.45553,33.5258
2099,127.72558,26.14226
2100,132.48219,34.3709
2101,132.42555,34.38719
2102,132.50999,34.38583
2103,135.41696,34.7346
2104,134.95656,34.67142
2105,135.41044,34.77864
2106,130.41977,33.54785
2107,130.37101,33.55217
2108,135.77917,34.99005
2109,135.74401,34.97081
2110,135.47344,34.64713
2111,135.44998,34.70555
2112,135.50356,34.52271
2113,135.53528,34.53133
2114,135.46194,34.53784
2115,135.50665,34.48714
2116,135.51064,34.56306
2117,135.47708,34.77518
2118,135.51976,34.77271
2119,135.41811,34.49661
2120,135.67219,34.81667
2121,135.6098,34.61941
2122,135.62588,34.76277
2123,135.55401,34.57755
2124,135.62758,34.70759
2125,135.56744,34.77307
2126,135.60777,34.57109
2127,135.6026,34.66529
2128,135.2751,34.71854
2129,135.17101,34.66943
2130,135.14974,34.66007
2131,135.05771,34.64334
2132,136.96112,35.16639
2133,136.92163,35.20171
2134,136.88993,35.18953
2135,136.93541,35.12009
2136,136.86253,35.13673
2137,136.92541,35.09274
2138,137.00667,35.16662
2139,136.98462,35.12013
2140,135.70698,34.9443
2141,135.46191,34.61449
2142,135.47619,34.57705
2143,137.694911,34.680133
2144,139.58901,35.45664
2145,139.61467,35.39148
2146,139.62672,35.34317
2147,139.62965,35.52537
2148,139.5374,35.40086
2149,139.58321,35.393
2150,139.53303,35.47301
2151,139.62198,35.4593
2152,139.64527,35.43639
2153,139.60567,35.42596
2154,139.68679,35.53979
2155,139.65661,35.56947
2156,139.63078,35.74424
2157,139.80134,35.77354
2158,139.87835,35.69151
2159,139.57019,35.70557
2160,139.76129,35.68515
2161,139.77666,35.67377
2162,139.74393,35.65353
2163,139.71471,35.69402
2164,139.75249,35.71298
2165,139.78732,35.70984
2166,139.81418,35.70292
2167,139.82198,35.67467
2168,139.72781,35.61222
2169,139.69025,35.62403
2170,139.71933,35.56854
2171,139.64247,35.63973
2172,139.70013,35.66255
2173,139.66633,35.70591
2174,139.63462,35.69398
2175,139.71925,35.72811
2176,139.73578,35.75991
2177,139.78048,35.73692
2178,139.68736,35.76525
2179,139.65074,35.87417
2180,139.65729,35.84792
2181,139.69402,35.81893
2182,127.69435,26.20965
2183,127.71696,26.24721
2184,130.436347,33.581243
2185,130.39499,33.58241
2186,132.45935,34.38477
2187,135.75566,35.0256
2188,135.75518,35.00681
2189,135.75852,34.99162
2190,135.53125,34.70707
2191,135.47767,34.69121
2192,135.48809,34.67489
2193,135.45681,34.65908
2194,135.52358,34.65894
2195,135.50181,34.65395
2196,135.5295,34.73871
2197,135.5484,34.66954
2198,135.56667,34.73389
2199,135.60007,34.73107
2200,135.19675,34.68775
